first_name,last_name,email,course,Tuition
John,Doe,doe1234@student.faytechcc.edu,Python Programmig,500
,,doe1234@student.faytechcc.edu,Psychology,300
,,doe1234@student.faytechcc.edu,English,290
Alice,Smith,smit1234@student.faytechcc.edu,Adv Python Programming,600
,,smit1234@student.faytechcc.edu,Chemistry,350
Bob,Johnson,john1234@student.faytechcc.edu,History,400
,,john1234@student.faytechcc.edu,Adv Python Programming,600
,,john1234@student.faytechcc.edu,Chemistry,350
,,john1234@student.faytechcc.edu,Geography,290
Emily,Williams,will1234@student.faytechcc.edu,Physics,400
David,Miller,mill1234@student.faytechcc.edu,Chemistry,350
Emma,Jones,jone1234@student.faytechcc.edu,English,290
Michael,Brown,brow1234@student.faytechcc.edu,Psychology,300
,,brow1234@student.faytechcc.edu,Python Programmig,500
Sophia,Anderson,ande1234@student.faytechcc.edu,Sociology,300
David,Miller,mill1234@student.faytechcc.edu,Chemistry,350
,,mill1234@student.faytechcc.edu,Physics,400
Alice,Smith,smit1234@student.faytechcc.edu,Adv Python Programming,600
Daniel,Davis,davi1234@student.faytechcc.edu,Geography,290
,,davi1234@student.faytechcc.edu,Python Programmig,500
Olivia,Wilson,wils1234@student.faytechcc.edu,Economics,300
,,wils1234@student.faytechcc.edu,Geography,290
,,wils1234@student.faytechcc.edu,History,400
Olivia,Wilson,wils1234@student.faytechcc.edu,Economics,300
